Page 1,
http://2015.igem.org/Team:WashU_StLouis/Software, Team:WashU StLouis/Software - 2015.igem.org
http://2017.igem.org/Team:Amazonas_Brazil/Software, Team:Amazonas Brazil/Software - 2017.igem.org
http://2015.igem.org/Team:Genspace/Software, Team:Genspace/Software - 2015.igem.org
http://2017.igem.org/Team:TecCEM/software, Team:TecCEM/software - 2017.igem.org
http://2011.igem.org/Team:Potsdam_Bioware/Software, Team:Potsdam Bioware/Software - 2011.igem.org
http://2017.igem.org/Team:NTHU_Taiwan/Software, Team:NTHU Taiwan/Software - 2017.igem.org
http://2015.igem.org/Team:UESTC_Software/Software, Team:UESTC Software/Software - 2015.igem.org
http://2017.igem.org/Team:Example/Software, Team:Example/Software - 2017.igem.org
http://2009.igem.org/Team:Bologna/Software, Team:Bologna/Software - 2009.igem.org
http://2015.igem.org/Team:AHUT_China/Software, Team:AHUT China/Software - 2015.igem.org
Page 2,
http://2016.igem.org/Team:Imperial_College/Software, Team:Imperial College/Software - 2016.igem.org
http://2016.igem.org/Team:Valencia_UPV/Software, Team:Valencia UPV/Software - 2016.igem.org
http://2010.igem.org/Team:Alberta/Software, Team:Alberta/Software - 2010.igem.org
http://2017.igem.org/Team:Washington/Software, Team:Washington/Software - 2017.igem.org
http://2015.igem.org/Team:Utah_State/Software, Team:Utah State/Software - 2015.igem.org
http://2015.igem.org/Team:USTC/Software, Team:USTC/Software - 2015.igem.org
http://2017.igem.org/Team:Peking/Software, Team:Peking/Software - 2017.igem.org
http://2016.igem.org/Team:Denver_Biolabs/Software, Team:Denver Biolabs/Software - 2016.igem.org
http://2016.igem.org/Team:BIT/Software, Team:BIT/Software - 2016.igem.org
http://2016.igem.org/Team:UiOslo_Norway/Software, Team:UiOslo Norway/Software - 2016.igem.org
Page 3,
http://2016.igem.org/Team:Aachen/Software, Team:Aachen/Software - 2016.igem.org
http://2015.igem.org/Team:MIT/Software, Team:MIT/Software - 2015.igem.org
http://2016.igem.org/Team:Example/Software, Team:Example/Software - 2016.igem.org
http://2016.igem.org/Team:EPFL/Software, Team:EPFL/Software - 2016.igem.org
http://2015.igem.org/Team:UFMG_Brazil/Software, Team:UFMG Brazil/Software - 2015.igem.org
http://2016.igem.org/Team:Nanjing_NFLS/Software, Team:Nanjing NFLS/Software - 2016.igem.org
http://2016.igem.org/Team:Westminster_UoW/Software, Team:Westminster UoW/Software - 2016.igem.org
http://2015.igem.org/Team:KIT_Kanazawa/Software, Team:KIT Kanazawa/Software - 2015.igem.org
http://2015.igem.org/Team:CU_Boulder/Software, Team:CU Boulder/Software - 2015.igem.org
http://2016.igem.org/Team:TU_Delft/Software, Team:TU Delft/Software - 2016.igem.org
Page 4,
http://2016.igem.org/Team:Kyoto/Software, Team:Kyoto/Software - 2016.igem.org
http://2015.igem.org/Team:William_and_Mary/Software, Team:William and Mary/Software - 2015.igem.org
http://2015.igem.org/Team:CHINA_CD_UESTC/Software, Team:CHINA CD UESTC/Software - 2015.igem.org
http://2015.igem.org/Team:UCL/Software, Team:UCL/Software - 2015.igem.org
http://2016.igem.org/Team:Newcastle/Software, Team:Newcastle/Software - 2016.igem.org
https://2008.igem.org/Team:Bologna/Software, Team:Bologna/Software - 2008.igem.org
http://2016.igem.org/Team:Concordia/Software, Team:Concordia/Software - 2016.igem.org
http://2015.igem.org/Team:IONIS_Paris/Software, Team:IONIS Paris/Software - 2015.igem.org
http://2016.igem.org/Team:Glasgow/Software, Team:Glasgow/Software - 2016.igem.org
http://2016.igem.org/Team:TecCEM_HS/Software, Team:TecCEM HS/Software - 2016.igem.org
Page 5,
http://2017.igem.org/Team:TUDelft/Software, Team:TUDelft/Software - 2017.igem.org
http://2016.igem.org/Team:Northeastern/Software, Team:Northeastern/Software - 2016.igem.org
http://2015.igem.org/Team:Amsterdam/Software, Team:Amsterdam/Software - 2015.igem.org
http://2017.igem.org/Team:Valencia_UPV/Software, Team:Valencia UPV/Software - 2017.igem.org
http://2016.igem.org/Team:HokkaidoU_Japan/Software, Team:HokkaidoU Japan/Software - 2016.igem.org
http://2015.igem.org/Team:Nanjing_NFLS/Software, Team:Nanjing NFLS/Software - 2015.igem.org
http://2016.igem.org/Team:Gaston_Day/Software, Team:Gaston Day/Software - 2016.igem.org
http://2017.igem.org/Team:Lethbridge/Software, Team:Lethbridge/Software - 2017.igem.org
http://2016.igem.org/Team:Hannover/Software, Team:Hannover/Software - 2016.igem.org
http://2017.igem.org/Team:Munich/Software, Team:Munich/Software - 2017.igem.org
Page 6,
http://2015.igem.org/Team:SYSU_CHINA/Software, Team:SYSU CHINA/Software - 2015.igem.org
http://2016.igem.org/Team:Example2/Software, Team:Example2/Software - 2016.igem.org
http://2016.igem.org/Team:Technion_Israel/Software, Team:Technion Israel/Software - 2016.igem.org
http://2016.igem.org/Team:TJUSLS_China/Software, Team:TJUSLS China/Software - 2016.igem.org
http://2016.igem.org/Team:NCKU_Tainan/Software, Team:NCKU Tainan/Software - 2016.igem.org
http://2017.igem.org/Team:York/Software, Team:York/Software - 2017.igem.org
http://2017.igem.org/Team:Manchester/Software, Team:Manchester/Software - 2017.igem.org
http://2015.igem.org/Team:TecCEM_HS/Software, Team:TecCEM HS/Software - 2015.igem.org
http://2015.igem.org/Team:TAS_Taipei/Software, Team:TAS Taipei/Software - 2015.igem.org
http://2015.igem.org/Team:Vanderbilt/Software, Team:Vanderbilt/Software - 2015.igem.org
Page 7,
http://2016.igem.org/Team:BNDS_China/Software, Team:BNDS China/Software - 2016.igem.org
http://2015.igem.org/Team:Mingdao/Software, Team:Mingdao/Software - 2015.igem.org
http://2016.igem.org/Team:TMMU_China/Software, Team:TMMU China/Software - 2016.igem.org
http://2016.igem.org/Team:Rice/Software, Team:Rice/Software - 2016.igem.org
http://2015.igem.org/Team:Lambert_GA/Software, Team:Lambert GA/Software - 2015.igem.org
http://2015.igem.org/Team:UCSC/Software, Team:UCSC/Software - 2015.igem.org
http://2016.igem.org/Team:UCSC/Software, Team:UCSC/Software - 2016.igem.org
http://2016.igem.org/Team:RHIT/Software, Team:RHIT/Software - 2016.igem.org
http://2015.igem.org/Team:GenetiX_Tec_CCM/Software, Team:GenetiX Tec CCM/Software - 2015.igem.org
http://2015.igem.org/Team:UAM_Poznan/Software, Team:UAM Poznan/Software - 2015.igem.org
Page 8,
http://2015.igem.org/Team:OLS_Canmore_AB_CA/Software, Team:OLS Canmore AB CA/Software - 2015.igem.org
http://2011.igem.org/Team:Dundee/Software, Team:Dundee/Software - 2011.igem.org
http://2012.igem.org/Team:Dundee/Software, Team:Dundee/Software - 2012.igem.org
http://2017.igem.org/Team:Hong_Kong_HKU/Software, Team:Hong Kong HKU/Software - 2017.igem.org
http://2017.igem.org/Team:Hong_Kong_UCCKE/Software, Team:Hong Kong UCCKE/Software - 2017.igem.org
http://2016.igem.org/Team:Peking/Software, Team:Peking/Software - 2016.igem.org
http://2016.igem.org/Team:Slovenia/Software, Team:Slovenia/Software - 2016.igem.org
http://2016.igem.org/Team:NUS_Singapore/Software, Team:NUS Singapore/Software - 2016.igem.org
http://2016.igem.org/Team:Waterloo/Software, Team:Waterloo/Software - 2016.igem.org
http://2017.igem.org/Team:UNIFI/Software, Team:UNIFI/Software - 2017.igem.org
Page 9,
http://2015.igem.org/Team:Danzi_Kesh_8/Software, Team:Danzi Kesh 8/Software - 2015.igem.org
http://2016.igem.org/Team:Stony_Brook/Software, Team:Stony Brook/Software - 2016.igem.org
http://2017.igem.org/Team:Shanghaitech/Software, Team:Shanghaitech/Software - 2017.igem.org
http://2017.igem.org/Team:Northwestern/Software, Team:Northwestern/Software - 2017.igem.org
http://2015.igem.org/Team:NJAU_China/Software, Team:NJAU China/Software - 2015.igem.org
http://2017.igem.org/Team:AHUT_China/Software, Team:AHUT China/Software - 2017.igem.org
http://2016.igem.org/Team:TCU_Taiwan/Software, Team:TCU Taiwan/Software - 2016.igem.org
http://2016.igem.org/Team:Sydney_Australia/Software, Team:Sydney Australia/Software - 2016.igem.org
http://2017.igem.org/Team:UC_San_Diego/Software, Team:UC San Diego/Software - 2017.igem.org
http://2013.igem.org/Team:BostonU/Software, Team:BostonU/Software - 2013.igem.org
Page 10,
http://2016.igem.org/Team:Virginia/Software, Team:Virginia/Software - 2016.igem.org
http://2017.igem.org/Team:SUSTech_Shenzhen/Software, Team:SUSTech Shenzhen/Software - 2017.igem.org
http://2017.igem.org/Team:Edinburgh_OG/Software, Team:Edinburgh OG/Software - 2017.igem.org
http://2017.igem.org/Team:UAlberta/Software, Team:UAlberta/Software - 2017.igem.org
http://2016.igem.org/Team:WashU_StLouis/Software, Team:WashU StLouis/Software - 2016.igem.org
http://2017.igem.org/Team:Hamburg/Software, Team:Hamburg/Software - 2017.igem.org
http://2016.igem.org/Team:TecCEM/Software, Team:TecCEM/Software - 2016.igem.org
http://2017.igem.org/Team:NAWI_Graz/Software, Team:NAWI Graz/Software - 2017.igem.org
http://2017.igem.org/Team:Warwick/Software, Team:Warwick/Software - 2017.igem.org
http://2017.igem.org/Team:Lambert_GA/Software, Team:Lambert GA/Software - 2017.igem.org
Page 11,
http://2017.igem.org/Team:Dalhousie/Software, Team:Dalhousie/Software - 2017.igem.org
http://2017.igem.org/Team:TecMonterrey_GDA/Software, Team:TecMonterrey GDA/Software - 2017.igem.org
http://2017.igem.org/Team:ULaVerne_Collab/Software, Team:ULaVerne Collab/Software - 2017.igem.org
http://2016.igem.org/Team:BostonU_HW/Software, Team:BostonU HW/Software - 2016.igem.org
http://2017.igem.org/Team:Heidelberg/Software, Software Overview - iGEM Heidelberg 2017
http://2016.igem.org/Team:Leiden/Software, Team:Leiden/Software - 2016.igem.org
http://2017.igem.org/Team:UCopenhagen/Software, Team:UCopenhagen/Software - 2017.igem.org
http://2017.igem.org/Team:Peshawar/Software, Team:Peshawar/Software - 2017.igem.org
http://2016.igem.org/Team:SDSZ_China/Software, Team:SDSZ China/Software - 2016.igem.org
http://2017.igem.org/Team:Example2/Software, Team:Example2/Software - 2017.igem.org
Page 12,
http://2015.igem.org/Team:Northeastern_Boston/Software, Team:Northeastern Boston/Software - 2015.igem.org
http://2016.igem.org/Team:Oxford/Software, Team:Oxford/Software - 2016.igem.org
http://2017.igem.org/Team:Purdue/Software, Team:Purdue/Software - 2017.igem.org
http://2016.igem.org/Team:Michigan_Software/Software, Team:Michigan Software/Software - 2016.igem.org
http://2017.igem.org/Team:BostonU/Software, Team:BostonU/Software - 2017.igem.org
http://2017.igem.org/Team:Aachen/Software, Team:Aachen/Software - 2017.igem.org
http://2016.igem.org/Team:WPI_Worcester/Software, Team:WPI Worcester/Software - 2016.igem.org
http://2016.igem.org/Team:NKU_China/Software, Team:NKU China/Software - 2016.igem.org
http://2015.igem.org/Team:Cairo_Egypt/Software, Team:Cairo Egypt/Software - 2015.igem.org
http://2017.igem.org/Team:Exeter/Software, Team:Exeter/Software - 2017.igem.org
Page 13,
http://2016.igem.org/Team:Manchester/Software, Team:Manchester/Software - 2016.igem.org
http://2015.igem.org/Team:TU_Delft/Software, Team:TU Delft/Software - 2015.igem.org
http://2017.igem.org/Team:BIT/Software, Team:BIT/Software - 2017.igem.org
http://2017.igem.org/Team:NUDT_CHINA/Software, Team:NUDT CHINA/Software - 2017.igem.org
http://2017.igem.org/Team:Botchan_Lab_Tokyo/Software, Team:Botchan Lab Tokyo/Software - 2017.igem.org
http://2016.igem.org/Team:TEC_GenetiX_CCM/Software, Team:TEC GenetiX CCM/Software - 2016.igem.org
http://2016.igem.org/Team:Baltimore_BioCrew/Software, Team:Baltimore BioCrew/Software - 2016.igem.org
http://2015.igem.org/Team:UIUC_Illinois/Software, Team:UIUC Illinois/Software - 2015.igem.org
http://2016.igem.org/Team:UoA_NewZealand/Software, Team:UoA NewZealand/Software - 2016.igem.org
http://2015.igem.org/Team:Penn/Software, Team:Penn/Software - 2015.igem.org
Page 14,
http://2017.igem.org/Team:Gifu/Software, Team:Gifu/Software - 2017.igem.org
http://2017.igem.org/Team:Waterloo/Software, Team:Waterloo/Software - 2017.igem.org
http://2017.igem.org/Team:CAPS_Kansas/Software, Team:CAPS Kansas/Software - 2017.igem.org
http://2017.igem.org/Team:Stuttgart/Software, Team:Stuttgart/Software - 2017.igem.org
http://2017.igem.org/Team:Pittsburgh/Software, Team:Pittsburgh/Software - 2017.igem.org
http://2016.igem.org/Team:NorthernBC/Software, Team:NorthernBC/Software - 2016.igem.org
http://2016.igem.org/Team:SUSTech_Shenzhen/Software, Team:SUSTech Shenzhen/Software - 2016.igem.org
http://2016.igem.org/Team:Guanajuato_Mx/Software, Team:Guanajuato Mx/Software - 2016.igem.org
http://2017.igem.org/Team:Stony_Brook/Software, Team:Stony Brook/Software - 2017.igem.org
http://2017.igem.org/Team:USTC/Software, Team:USTC/Software - 2017.igem.org
Page 15,
http://2017.igem.org/Team:Calgary/Software, Team:Calgary/Software - 2017.igem.org
http://2018.igem.org/Team:Example2/Software, Team:Example2/Software - 2018.igem.org
http://2015.igem.org/Team:Stockholm/Software, Team:Stockholm/Software - 2015.igem.org
http://2017.igem.org/Team:Kingsborough_NY/Software, Team:Kingsborough NY/Software - 2017.igem.org
http://2017.igem.org/Team:KU_Leuven/Software, Team:KU Leuven/Software - 2017.igem.org
http://2017.igem.org/Team:US_AFRL_CarrollHS/Software, Team:US AFRL CarrollHS/Software - 2017.igem.org
http://2017.igem.org/Team:UConn/Software, Team:UConn/Software - 2017.igem.org
http://2017.igem.org/Team:Delaware/Software, Team:Delaware/Software - 2017.igem.org
http://2017.igem.org/Team:Szeged_SA_RMG/Software, Team:Szeged SA RMG/Software - 2017.igem.org
http://2017.igem.org/Team:AshesiGhana/Software, Team:AshesiGhana/Software - 2017.igem.org
Page 16,
http://2017.igem.org/Team:NTU_SINGAPORE/Software, Team:NTU SINGAPORE/Software - 2017.igem.org
http://2017.igem.org/Team:KAIT_JAPAN/Software, Team:KAIT JAPAN/Software - 2017.igem.org
http://2017.igem.org/Team:Berlin_diagnostX/Software, Team:Berlin diagnostX/Software - 2017.igem.org
http://2017.igem.org/Team:NYU_Shanghai/Software, Team:NYU Shanghai/Software - 2017.igem.org
http://2017.igem.org/Team:Greece/Software, Team:Greece/Software - 2017.igem.org
http://2014.igem.org/Team:Heidelberg/Software, Team:Heidelberg/Software - 2014.igem.org
http://2017.igem.org/Team:Hong_Kong_HKUST/Software, Team:Hong Kong HKUST/Software - 2017.igem.org
http://2017.igem.org/Team:Jilin_China/Software, Team:Jilin China/Software - 2017.igem.org
http://2016.igem.org/Team:BioBricks/Software, Team:BioBricks/Software - 2016.igem.org
http://2016.igem.org/Team:BGU_ISRAEL/Software, Team:BGU ISRAEL/Software - 2016.igem.org
Page 17,
http://2017.igem.org/Team:Erlangen_Nuremberg/Software, Team:Erlangen Nuremberg/Software - 2017.igem.org
http://2017.igem.org/Team:Arizona_State/Software, Team:Arizona State/Software - 2017.igem.org
http://2016.igem.org/Team:Michigan/Software, Team:Michigan/Software - 2016.igem.org
http://2017.igem.org/Team:BostonU_HW/Software, Team:BostonU HW/Software - 2017.igem.org
http://2017.igem.org/Team:Edinburgh_UG/Software, Team:Edinburgh UG/Software - 2017.igem.org
http://2017.igem.org/Team:RHIT/Software, Team:RHIT/Software - 2017.igem.org
http://2017.igem.org/Team:TNCR_Korea/Software, Team:TNCR Korea/Software - 2017.igem.org
http://2017.igem.org/Team:SMS_Shenzhen/Software, Team:SMS Shenzhen/Software - 2017.igem.org
http://2016.igem.org/Team:Alverno_CA/Software, Team:Alverno CA/Software - 2016.igem.org
http://2017.igem.org/Team:Michigan_Software/Software, Team:Michigan Software/Software - 2017.igem.org
Page 18,
http://2017.igem.org/Team:UiOslo_Norway/Software, Team:UiOslo Norway/Software - 2017.igem.org
http://2017.igem.org/Team:NCTU_Formosa/Software, Team:NCTU Formosa/Software - 2017.igem.org
http://2017.igem.org/Team:Macquarie_Australia/Software, Team:Macquarie Australia/Software - 2017.igem.org
http://2015.igem.org/Team:UChicago/Software, Team:UChicago/Software - 2015.igem.org
http://2017.igem.org/Team:UCC_Ireland/Software, Team:UCC Ireland/Software - 2017.igem.org
http://2017.igem.org/Team:Austin_UTexas_LASA/Software, Team:Austin UTexas LASA/Software - 2017.igem.org
http://2017.igem.org/Team:UPMC_PARIS/Software, Team:UPMC PARIS/Software - 2017.igem.org
http://2017.igem.org/Team:Virginia/Software, Team:Virginia/Software - 2017.igem.org
http://2017.igem.org/Team:ETH_Zurich/Software, Team:ETH Zurich/Software - 2017.igem.org
http://2017.igem.org/Team:Minnesota/Software, Team:Minnesota/Software - 2017.igem.org
Page 19,
http://2017.igem.org/Team:ITB_Indonesia/Software, Team:ITB Indonesia/Software - 2017.igem.org
http://2017.igem.org/Team:FSU/Software, Team:FSU/Software - 2017.igem.org
http://2017.igem.org/Team:Princeton/Software, Team:Princeton/Software - 2017.igem.org
http://2017.igem.org/Team:WashU_StLouis/Software, Team:WashU StLouis/Software - 2017.igem.org
http://2017.igem.org/Team:NUS_Singapore/Software, Team:NUS Singapore/Software - 2017.igem.org
http://2017.igem.org/Team:Uppsala/Software, Team:Uppsala/Software - 2017.igem.org
http://2017.igem.org/Team:UFlorida/Software, Team:UFlorida/Software - 2017.igem.org
http://2017.igem.org/Team:PASantiago_Chile/Software, Team:PASantiago Chile/Software - 2017.igem.org
http://2017.igem.org/Team:Newcastle/Software, Team:Newcastle/Software - 2017.igem.org
http://2017.igem.org/Team:Queens_Canada/Software, Team:Queens Canada/Software - 2017.igem.org
Page 20,
http://2017.igem.org/Team:Harvard/Software, Team:Harvard/Software - 2017.igem.org
http://2017.igem.org/Team:Sydney_Australia/Software, Team:Sydney Australia/Software - 2017.igem.org
http://2017.igem.org/Team:UIUC_Illinois/Software, Team:UIUC Illinois/Software - 2017.igem.org
http://2017.igem.org/Team:LUBBOCK_TTU/Software, Team:LUBBOCK TTU/Software - 2017.igem.org
http://2017.igem.org/Team:Moscow_RF/Software, Team:Moscow RF/Software - 2017.igem.org
http://2017.igem.org/Team:Michigan/Software, Team:Michigan/Software - 2017.igem.org
http://2013.igem.org/Team:Virginia/Software, Team:Virginia/Software - 2013.igem.org
http://2017.igem.org/Team:USNA_Annapolis/Software, Team:USNA Annapolis/Software - 2017.igem.org
http://2017.igem.org/Team:U_of_Guelph/Software, Team:U of Guelph/Software - 2017.igem.org
http://2017.igem.org/Team:IIT_Delhi/Software, Team:IIT Delhi/Software - 2017.igem.org
Page 21,
http://2017.igem.org/Team:Mingdao/Software, Team:Mingdao/Software - 2017.igem.org
http://2017.igem.org/Team:Emory/Software, Team:Emory/Software - 2017.igem.org
http://2016.igem.org/Team:Ionis_Paris/Software, Team:Ionis Paris/Software - 2016.igem.org
http://2013.igem.org/Team:Shenzhen_BGIC_0101/Software, Team:Shenzhen BGIC 0101/Software - 2013.igem.org
http://2017.igem.org/Team:Munich/Software/Collaborations, Team:Munich/Software/Collaborations - 2017.igem.org
http://2016.igem.org/Team:Vanderbilt/Software/Design, Team:Vanderbilt/Software/Design - 2016.igem.org
http://2016.igem.org/Team:Vanderbilt/Software/Performance, Team:Vanderbilt/Software/Performance - 2016.igem.org
http://2016.igem.org/Team:Vanderbilt/Software/Algorithm, Team:Vanderbilt/Software/Algorithm - 2016.igem.org
http://2015.igem.org/Team:NTNU_Trondheim/Software/Quantitative_Analysis_Tool, Team:NTNU Trondheim/Software/Quantitative Analysis Tool - 2015 ...
http://2017.igem.org/Team:Heidelberg/Software/SafetyNet, SafetyNet - iGEM Heidelberg 2017
Page 22,
http://2014.igem.org/Team:Heidelberg/Software/Linker_Software, Team:Heidelberg/Software/Linker Software - 2014.igem.org
http://2015.igem.org/Team:NTNU_Trondheim/Software/iGEM_Matchmaker, Team:NTNU Trondheim/Software/iGEM Matchmaker - 2015.igem.org
http://2011.igem.org/Team:Sevilla/Software/GPSE, Team:Sevilla/Software/GPSE - 2011.igem.org
http://2017.igem.org/Team:Fudan/Software/Netro, Team:Fudan/Software/Netro - 2017.igem.org
http://2017.igem.org/Team:CSMU_NCHU_Taiwan/Software/Tools, Team:CSMU NCHU Taiwan/Software/Tools - 2017.igem.org
http://2017.igem.org/Team:Heidelberg/Software/DeeProtein, Team:Heidelberg/Software/DeeProtein - 2017.igem.org
http://2016.igem.org/Team:Lethbridge/Software#!, Team:Lethbridge/Software - 2016.igem.org
http://2015.igem.org/Team:Heidelberg/software/maws, Team:Heidelberg/software/maws - 2015.igem.org
http://2017.igem.org/Team:Fudan/Software/Netro_Fudan, Team:Fudan/Software/Netro Fudan - 2017.igem.org
http://2015.igem.org/Team:Technion_HS_Israel/Software/Simulation, Team:Technion HS Israel/Software/Simulation - 2015.igem.org
Page 23,
http://2011.igem.org/Team:Sevilla/Software/Ubbit, Team:Sevilla/Software/Ubbit - 2011.igem.org
http://2014.igem.org/Team:PoznanSoft/Software/Download, Team:PoznanSoft/Software/Download - 2014.igem.org
http://2014.igem.org/Team:Heidelberg/Software/igemathome/implementation, Team:Heidelberg/Software/igemathome/implementation - 2014.igem.org
http://2012.igem.org/Team:Amsterdam/software/logbook_designer/manual, Team:Amsterdam/software/logbook designer/manual - 2012.igem.org
http://2012.igem.org/Team:Amsterdam/software/logbook_designer/webtool, Team:Amsterdam/software/logbook designer/webtool - 2012.igem.org
http://2012.igem.org/Team:Amsterdam/software/logbook_designer/setup, Team:Amsterdam/software/logbook designer/setup - 2012.igem.org
http://2012.igem.org/Team:Amsterdam/software/logbook_designer/future_perspective, Team:Amsterdam/software/logbook designer/future perspective - 2012 ...
http://2016.igem.org/Team:Newcastle/Software/Hosted/Thought-Experiment, Team:Newcastle/Software/Hosted/Thought-Experiment - 2016.igem.org
